sku_id,pharmacy_type,name_cn,fixed_stockouts,fixed_avg_inventory,engine_stockouts,engine_avg_inventory,demand_total
SKU_0001,chain,氨氯地平片,0,62.5,0,135.6,1133
SKU_0001,hospital,氨氯地平片,1,123.9,0,198.6,1627
SKU_0001,independent,氨氯地平片,5,22.6,0,87.1,516
SKU_0002,chain,缬沙坦胶囊,2,40.6,0,86.8,1065
SKU_0002,hospital,缬沙坦胶囊,1,92.1,0,138.0,1315
SKU_0002,independent,缬沙坦胶囊,5,18.2,1,107.6,463
SKU_0003,chain,美托洛尔缓释片,1,65.4,0,78.2,779
SKU_0003,hospital,美托洛尔缓释片,1,59.3,0,136.2,1257
SKU_0003,independent,美托洛尔缓释片,2,35.4,0,65.6,388
SKU_0004,chain,硝苯地平控释片,1,57.9,0,151.2,1018
SKU_0004,hospital,硝苯地平控释片,2,108.0,0,172.4,1571
SKU_0004,independent,硝苯地平控释片,3,21.6,0,80.1,448
SKU_0005,chain,阿司匹林肠溶片,1,126.4,0,252.8,2084
SKU_0005,hospital,阿司匹林肠溶片,1,176.7,0,235.4,2792
SKU_0005,independent,阿司匹林肠溶片,0,121.1,0,211.1,1096
SKU_0006,chain,氯吡格雷片,0,92.7,0,166.1,1339
SKU_0006,hospital,氯吡格雷片,2,102.6,1,227.5,2144
SKU_0006,independent,氯吡格雷片,2,96.9,0,164.2,680
SKU_0007,chain,伊伐布雷定片,1,11.1,0,24.7,89
SKU_0007,hospital,伊伐布雷定片,3,7.4,1,34.1,137
SKU_0007,independent,伊伐布雷定片,8,2.6,4,7.6,76
SKU_0008,chain,波生坦片,8,2.4,1,10.9,106
SKU_0008,hospital,波生坦片,3,5.6,1,29.9,123
SKU_0008,independent,波生坦片,6,1.8,0,6.2,53
SKU_0009,chain,地高辛片,2,11.2,1,28.4,127
SKU_0009,hospital,地高辛片,3,31.1,0,56.2,238
SKU_0009,independent,地高辛片,1,8.9,1,30.3,45
SKU_0010,chain,胺碘酮片,3,6.6,1,31.1,69
SKU_0010,hospital,胺碘酮片,6,5.0,1,46.9,134
SKU_0010,independent,胺碘酮片,2,5.4,0,22.6,62
SKU_0011,chain,利多卡因注射液,3,11.2,0,39.3,166
SKU_0011,hospital,利多卡因注射液,6,1.2,1,67.5,166
SKU_0011,independent,利多卡因注射液,3,6.1,0,35.9,79
SKU_0012,chain,米力农注射液,3,1.1,1,4.5,28
SKU_0012,hospital,米力农注射液,3,4.2,1,16.1,61
SKU_0012,independent,米力农注射液,3,0.8,0,4.7,13
SKU_0013,chain,西地兰注射液,2,7.8,1,19.3,38
SKU_0013,hospital,西地兰注射液,2,9.7,0,29.7,90
SKU_0013,independent,西地兰注射液,5,2.2,2,12.0,55
SKU_0014,chain,酚妥拉明注射液,0,6.9,0,12.7,74
SKU_0014,hospital,酚妥拉明注射液,3,13.2,0,21.1,97
SKU_0014,independent,酚妥拉明注射液,8,1.4,0,9.7,39
SKU_0015,chain,阿托伐他汀钙片,1,91.0,0,164.9,1274
SKU_0015,hospital,阿托伐他汀钙片,1,336.4,0,429.1,4016
SKU_0015,independent,阿托伐他汀钙片,7,116.8,0,178.1,838
SKU_0016,chain,瑞舒伐他汀钙片,1,137.8,0,141.5,2147
SKU_0016,hospital,瑞舒伐他汀钙片,2,91.7,1,101.4,203
SKU_0016,independent,瑞舒伐他汀钙片,2,86.3,0,167.6,941
SKU_0017,chain,阿莫西林胶囊,2,135.0,0,208.2,1940
SKU_0017,hospital,阿莫西林胶囊,1,133.6,1,259.3,2784
SKU_0017,independent,阿莫西林胶囊,4,44.6,1,176.4,1079
SKU_0018,chain,头孢克洛胶囊,5,45.6,0,147.8,1755
SKU_0018,hospital,头孢克洛胶囊,1,172.4,0,302.9,2302
SKU_0018,independent,头孢克洛胶囊,7,37.1,0,138.5,754
SKU_0019,chain,阿奇霉素片,0,129.7,0,182.9,1557
SKU_0019,hospital,阿奇霉素片,2,145.3,0,262.4,2486
SKU_0019,independent,阿奇霉素片,4,93.2,0,301.0,1003
SKU_0020,chain,奥司他韦胶囊,1,102.3,0,134.5,1560
SKU_0020,hospital,奥司他韦胶囊,2,83.1,0,104.1,928
SKU_0020,independent,奥司他韦胶囊,3,175.3,0,210.3,644
SKU_0021,chain,扎那米韦吸入粉雾剂,1,44.6,0,61.0,422
SKU_0021,hospital,扎那米韦吸入粉雾剂,1,13.2,0,29.3,262
SKU_0021,independent,扎那米韦吸入粉雾剂,9,8.0,3,17.6,197
SKU_0022,chain,玛巴洛沙韦片,4,58.3,0,90.0,519
SKU_0022,hospital,玛巴洛沙韦片,11,2.3,1,41.9,392
SKU_0022,independent,玛巴洛沙韦片,5,22.5,0,58.9,282
SKU_0023,chain,帕拉米韦氯化钠注射液,9,5.3,0,25.9,310
SKU_0023,hospital,帕拉米韦氯化钠注射液,2,31.5,0,70.1,425
SKU_0023,independent,帕拉米韦氯化钠注射液,4,28.4,1,33.7,119
SKU_0024,chain,利奈唑胺片,8,2.1,0,17.1,129
SKU_0024,hospital,利奈唑胺片,0,29.7,0,47.9,182
SKU_0024,independent,利奈唑胺片,2,3.5,1,7.8,37
SKU_0025,chain,伏立康唑片,0,12.6,0,8.3,56
SKU_0025,hospital,伏立康唑片,3,11.8,0,31.9,125
SKU_0025,independent,伏立康唑片,4,3.0,1,8.3,52
SKU_0026,chain,卡泊芬净注射液,1,5.4,0,14.9,43
SKU_0026,hospital,卡泊芬净注射液,2,4.4,0,18.4,71
SKU_0026,independent,卡泊芬净注射液,5,3.9,0,6.6,33
SKU_0027,chain,两性霉素B脂质体,0,5.9,0,9.6,31
SKU_0027,hospital,两性霉素B脂质体,3,2.5,0,11.9,51
SKU_0027,independent,两性霉素B脂质体,4,0.8,0,4.2,8
SKU_0028,chain,替加环素注射液,1,6.6,0,16.9,35
SKU_0028,hospital,替加环素注射液,4,5.4,0,21.1,94
SKU_0028,independent,替加环素注射液,0,3.0,0,9.3,20
SKU_0029,chain,多黏菌素B注射液,0,7.0,0,10.5,24
SKU_0029,hospital,多黏菌素B注射液,4,3.3,0,17.1,57
SKU_0029,independent,多黏菌素B注射液,3,0.3,1,4.3,9
SKU_0030,chain,磷霉素氨丁三醇散,4,3.4,1,31.3,72
SKU_0030,hospital,磷霉素氨丁三醇散,5,10.0,1,42.6,143
SKU_0030,independent,磷霉素氨丁三醇散,7,7.4,2,15.6,128
SKU_0031,chain,头孢呋辛酯片,0,85.5,0,150.0,1154
SKU_0031,hospital,头孢呋辛酯片,1,326.2,0,341.1,2947
SKU_0031,independent,头孢呋辛酯片,4,29.8,0,123.7,597
SKU_0032,chain,左氧氟沙星片,0,152.3,1,128.3,1020
SKU_0032,hospital,左氧氟沙星片,1,238.3,0,368.1,3497
SKU_0032,independent,左氧氟沙星片,4,36.6,2,39.3,557
SKU_0033,chain,二甲双胍片,0,285.6,0,293.8,2635
SKU_0033,hospital,二甲双胍片,0,234.6,0,274.0,3564
SKU_0033,independent,二甲双胍片,3,169.4,0,263.4,1105
SKU_0034,chain,格列美脲片,0,112.1,0,173.3,1279
SKU_0034,hospital,格列美脲片,2,118.1,0,187.9,1706
SKU_0034,independent,格列美脲片,1,40.4,0,100.7,511
SKU_0035,chain,阿卡波糖片,2,88.9,0,156.4,1210
SKU_0035,hospital,阿卡波糖片,2,93.4,1,187.1,1894
SKU_0035,independent,阿卡波糖片,1,43.1,0,60.7,653
SKU_0036,chain,格列齐特缓释片,0,76.2,0,107.3,1007
SKU_0036,hospital,格列齐特缓释片,1,100.6,0,140.4,1379
SKU_0036,independent,格列齐特缓释片,4,62.1,0,96.1,540
SKU_0037,chain,门冬胰岛素注射液,1,199.6,0,332.6,2795
SKU_0037,hospital,门冬胰岛素注射液,0,324.1,0,552.1,3974
SKU_0037,independent,门冬胰岛素注射液,1,162.1,0,253.4,1148
SKU_0038,chain,达格列净片,6,11.1,1,43.0,323
SKU_0038,hospital,达格列净片,1,57.4,0,74.3,242
SKU_0038,independent,达格列净片,1,40.6,0,69.1,186
SKU_0039,chain,西格列汀片,6,10.0,1,39.1,245
SKU_0039,hospital,西格列汀片,3,72.8,0,92.1,260
SKU_0039,independent,西格列汀片,2,14.3,1,40.9,211
SKU_0040,chain,利拉鲁肽注射液,0,30.9,0,49.2,155
SKU_0040,hospital,利拉鲁肽注射液,3,23.5,0,55.8,248
SKU_0040,independent,利拉鲁肽注射液,1,20.0,0,37.8,104
SKU_0041,chain,度拉糖肽注射液,4,11.0,0,30.7,171
SKU_0041,hospital,度拉糖肽注射液,0,27.2,0,48.1,95
SKU_0041,independent,度拉糖肽注射液,1,10.2,0,25.3,40
SKU_0042,chain,沙格列汀片,1,20.6,0,40.8,159
SKU_0042,hospital,沙格列汀片,3,27.7,0,53.1,300
SKU_0042,independent,沙格列汀片,4,9.4,0,26.9,110
SKU_0043,chain,瑞格列奈片,3,24.3,0,44.5,170
SKU_0043,hospital,瑞格列奈片,3,26.1,0,46.1,233
SKU_0043,independent,瑞格列奈片,1,20.6,0,38.6,92
SKU_0044,chain,吡格列酮片,5,18.6,0,37.7,186
SKU_0044,hospital,吡格列酮片,1,37.7,0,60.2,57
SKU_0044,independent,吡格列酮片,8,4.9,2,24.4,194
SKU_0045,chain,米格列醇片,1,13.9,0,27.8,108
SKU_0045,hospital,米格列醇片,0,21.7,0,32.2,223
SKU_0045,independent,米格列醇片,6,2.2,0,23.4,87
SKU_0046,chain,恩格列净片,4,45.9,0,201.6,888
SKU_0046,hospital,恩格列净片,1,167.4,0,210.1,1762
SKU_0046,independent,恩格列净片,1,24.4,0,78.4,203
SKU_0047,chain,卡格列净片,0,91.3,0,131.6,1169
SKU_0047,hospital,卡格列净片,3,14.5,0,109.6,177
SKU_0047,independent,卡格列净片,1,68.2,0,145.1,481
SKU_0048,chain,氨茶碱片,2,47.7,0,64.1,721
SKU_0048,hospital,氨茶碱片,0,88.9,0,112.7,969
SKU_0048,independent,氨茶碱片,4,28.4,0,110.4,422
SKU_0049,chain,茶碱缓释片,0,33.5,0,68.4,575
SKU_0049,hospital,茶碱缓释片,1,37.2,0,73.6,798
SKU_0049,independent,茶碱缓释片,3,41.2,0,68.3,328
SKU_0050,chain,沙丁胺醇吸入气雾剂,1,91.3,1,256.3,1758
SKU_0050,hospital,沙丁胺醇吸入气雾剂,1,168.9,0,277.7,2015
SKU_0050,independent,沙丁胺醇吸入气雾剂,4,95.4,0,202.1,883
SKU_0051,chain,布地奈德吸入粉雾剂,2,81.5,1,152.9,1469
SKU_0051,hospital,布地奈德吸入粉雾剂,2,116.1,0,198.9,1628
SKU_0051,independent,布地奈德吸入粉雾剂,4,88.3,0,126.3,767
SKU_0052,chain,孟鲁司特钠片,0,74.9,0,170.9,1152
SKU_0052,hospital,孟鲁司特钠片,1,118.6,0,175.5,1377
SKU_0052,independent,孟鲁司特钠片,3,44.2,0,119.8,594
SKU_0053,chain,特布他林片,2,40.3,1,99.1,793
SKU_0053,hospital,特布他林片,1,91.4,0,112.4,876
SKU_0053,independent,特布他林片,0,41.0,0,83.1,343
SKU_0054,chain,噻托溴铵粉吸入剂,0,55.1,0,47.8,86
SKU_0054,hospital,噻托溴铵粉吸入剂,1,32.0,0,57.8,219
SKU_0054,independent,噻托溴铵粉吸入剂,2,15.4,1,51.4,93
SKU_0055,chain,乙酰半胱氨酸泡腾片,1,38.2,0,58.3,94
SKU_0055,hospital,乙酰半胱氨酸泡腾片,2,27.5,1,73.2,97
SKU_0055,independent,乙酰半胱氨酸泡腾片,3,26.4,0,51.5,171
SKU_0056,chain,羧甲司坦口服液,0,56.0,0,55.6,283
SKU_0056,hospital,羧甲司坦口服液,3,33.9,0,61.5,239
SKU_0056,independent,羧甲司坦口服液,4,13.5,0,42.4,119
SKU_0057,chain,异丙托溴铵气雾剂,0,29.7,0,48.6,28
SKU_0057,hospital,异丙托溴铵气雾剂,6,26.6,0,56.6,266
SKU_0057,independent,异丙托溴铵气雾剂,3,5.9,0,33.9,74
SKU_0058,chain,福莫特罗吸入粉雾剂,7,3.7,1,30.5,127
SKU_0058,hospital,福莫特罗吸入粉雾剂,2,19.7,0,46.6,211
SKU_0058,independent,福莫特罗吸入粉雾剂,4,14.2,0,22.1,70
SKU_0059,chain,沙美特罗替卡松吸入剂,2,13.7,0,41.2,159
SKU_0059,hospital,沙美特罗替卡松吸入剂,3,17.0,1,43.4,195
SKU_0059,independent,沙美特罗替卡松吸入剂,7,4.2,0,26.9,120
SKU_0060,chain,氮卓斯汀鼻喷剂,1,31.8,1,52.9,239
SKU_0060,hospital,氮卓斯汀鼻喷剂,2,25.9,0,50.6,205
SKU_0060,independent,氮卓斯汀鼻喷剂,4,14.9,0,35.4,140
SKU_0061,chain,糠酸莫米松鼻喷雾剂,1,27.1,0,47.6,77
SKU_0061,hospital,糠酸莫米松鼻喷雾剂,3,10.7,0,58.9,196
SKU_0061,independent,糠酸莫米松鼻喷雾剂,2,58.5,0,68.9,165
SKU_0062,chain,吸入用异丙托溴铵溶液,0,56.6,1,57.9,437
SKU_0062,hospital,吸入用异丙托溴铵溶液,0,35.1,0,93.1,712
SKU_0062,independent,吸入用异丙托溴铵溶液,2,13.4,1,79.4,146
SKU_0063,chain,丙戊酸钠片,0,47.2,0,76.4,781
SKU_0063,hospital,丙戊酸钠片,2,55.2,1,156.3,1182
SKU_0063,independent,丙戊酸钠片,4,69.0,2,79.4,381
SKU_0064,chain,卡马西平片,2,60.1,0,95.5,655
SKU_0064,hospital,卡马西平片,0,51.1,0,82.8,1037
SKU_0064,independent,卡马西平片,4,22.0,0,70.6,294
SKU_0065,chain,左乙拉西坦片,0,54.2,0,92.7,786
SKU_0065,hospital,左乙拉西坦片,1,68.4,0,120.4,1153
SKU_0065,independent,左乙拉西坦片,3,71.6,2,82.5,431
SKU_0066,chain,帕罗西汀片,2,46.3,0,100.4,558
SKU_0066,hospital,帕罗西汀片,0,34.7,0,101.2,775
SKU_0066,independent,帕罗西汀片,1,16.7,0,42.6,247
SKU_0067,chain,拉莫三嗪片,5,6.9,0,39.4,101
SKU_0067,hospital,拉莫三嗪片,5,20.4,0,47.9,229
SKU_0067,independent,拉莫三嗪片,1,9.4,0,29.4,121
SKU_0068,chain,加巴喷丁胶囊,3,23.1,0,37.1,157
SKU_0068,hospital,加巴喷丁胶囊,7,13.8,0,46.0,317
SKU_0068,independent,加巴喷丁胶囊,3,12.0,0,31.8,127
SKU_0069,chain,普瑞巴林胶囊,3,26.6,0,51.0,238
SKU_0069,hospital,普瑞巴林胶囊,6,24.0,0,58.1,390
SKU_0069,independent,普瑞巴林胶囊,3,47.2,0,58.2,151
SKU_0070,chain,托吡酯片,1,24.9,0,34.2,215
SKU_0070,hospital,托吡酯片,4,10.3,1,41.7,135
SKU_0070,independent,托吡酯片,4,12.4,0,33.2,149
SKU_0071,chain,唑尼沙胺片,3,7.2,0,20.5,124
SKU_0071,hospital,唑尼沙胺片,1,9.1,0,29.9,97
SKU_0071,independent,唑尼沙胺片,5,3.1,1,9.9,54
SKU_0072,chain,拉考沙胺片,3,5.7,0,25.3,125
SKU_0072,hospital,拉考沙胺片,4,11.6,0,38.9,156
SKU_0072,independent,拉考沙胺片,6,2.6,1,17.0,86
SKU_0073,chain,艾司西酞普兰片,5,12.4,1,34.4,246
SKU_0073,hospital,艾司西酞普兰片,4,12.6,0,52.9,147
SKU_0073,independent,艾司西酞普兰片,4,5.2,1,31.0,128
SKU_0074,chain,文拉法辛缓释片,0,41.4,0,44.2,135
SKU_0074,hospital,文拉法辛缓释片,5,8.6,2,42.3,201
SKU_0074,independent,文拉法辛缓释片,4,14.1,0,33.8,165
SKU_0075,chain,度洛西汀肠溶片,3,17.6,0,47.4,111
SKU_0075,hospital,度洛西汀肠溶片,5,35.3,0,57.2,312
SKU_0075,independent,度洛西汀肠溶片,3,12.4,0,31.5,175
SKU_0076,chain,米氮平片,2,16.2,0,28.6,103
SKU_0076,hospital,米氮平片,6,0.0,1,37.6,168
SKU_0076,independent,米氮平片,8,2.9,1,18.6,136
SKU_0077,chain,舍曲林片,1,51.4,1,86.8,542
SKU_0077,hospital,舍曲林片,1,55.8,0,96.5,1046
SKU_0077,independent,舍曲林片,2,18.8,6,17.0,275
