sku_id,name_cn,pharmacy_type,current_stock,days_supply,safety_stock,ss_method,target_level_S,recommended_qty,order_date,risk_level,risk_reason,reason,abc_class,xyz_class,vbp_status,expiry_weeks,cold_chain
SKU_0001,氨氯地平片,chain,184,14,33.0,Classic-normal,223.0,39,2026-06-11,Green,库存健康,VBP中选品种需保障供应,A,X,selected,49,0
SKU_0001,氨氯地平片,hospital,398,23,41.9,Classic-normal,303.9,0,2026-06-11,Green,库存健康,VBP中选品种需保障供应,A,X,selected,84,0
SKU_0001,氨氯地平片,independent,74,13,26.4,Classic-normal,152.4,78,2026-06-18,Green,库存健康,VBP中选品种需保障供应,A,X,selected,129,0
SKU_0002,缬沙坦胶囊,chain,80,6,32.3,Classic-normal,174.3,94,2026-06-11,Green,库存健康,VBP中选品种需保障供应,A,X,selected,57,0
SKU_0002,缬沙坦胶囊,hospital,304,20,41.9,Classic-normal,217.9,0,2026-06-11,Green,库存健康,VBP中选品种需保障供应,A,X,selected,73,0
SKU_0002,缬沙坦胶囊,independent,44,8,24.3,Classic-normal,180.3,136,2026-06-18,Green,库存健康,VBP中选品种需保障供应,A,X,selected,47,0
SKU_0003,美托洛尔缓释片,chain,178,25,25.7,Classic-normal,127.7,0,2026-06-11,Green,库存健康,常规补货,A,X,na,123,0
SKU_0003,美托洛尔缓释片,hospital,113,9,33.6,Classic-normal,249.6,136,2026-06-11,Green,库存健康,常规补货,A,X,na,126,0
SKU_0003,美托洛尔缓释片,independent,73,18,18.8,Classic-normal,114.8,41,2026-06-18,Green,库存健康,常规补货,A,X,na,92,0
SKU_0004,硝苯地平控释片,chain,150,15,29.7,Classic-normal,243.7,93,2026-06-11,Green,库存健康,VBP中选品种需保障供应,A,X,selected,115,0
SKU_0004,硝苯地平控释片,hospital,344,20,35.9,Classic-normal,275.9,0,2026-06-11,Green,库存健康,VBP中选品种需保障供应,A,X,selected,130,0
SKU_0004,硝苯地平控释片,independent,64,18,21.9,Classic-normal,144.9,80,2026-06-18,Green,库存健康,VBP中选品种需保障供应,A,X,selected,108,0
SKU_0005,阿司匹林肠溶片,chain,388,16,74.2,Classic-normal,404.2,16,2026-06-11,Green,库存健康,常规补货,A,X,na,87,0
SKU_0005,阿司匹林肠溶片,hospital,311,10,93.2,Classic-normal,449.2,138,2026-06-11,Green,库存健康,常规补货,A,X,na,123,0
SKU_0005,阿司匹林肠溶片,independent,320,29,59.4,Classic-normal,332.4,12,2026-06-18,Green,库存健康,常规补货,A,X,na,186,0
SKU_0006,氯吡格雷片,chain,266,20,46.2,Classic-normal,264.2,0,2026-06-11,Green,库存健康,VBP中选品种需保障供应,A,X,selected,127,0
SKU_0006,氯吡格雷片,hospital,151,6,62.9,Classic-normal,420.9,269,2026-06-11,Green,库存健康,VBP中选品种需保障供应,A,X,selected,49,0
SKU_0006,氯吡格雷片,independent,335,44,33.0,Classic-normal,213.0,0,2026-06-18,Yellow,库存超过目标水位150%,VBP中选品种需保障供应；库存积压,A,X,selected,63,0
SKU_0007,伊伐布雷定片,chain,14,11,16.5,Croston-proxy,34.3,20,2026-06-11,Green,库存健康,常规补货,C,Z,na,135,0
SKU_0007,伊伐布雷定片,hospital,12,21,28.0,Croston-proxy,48.9,36,2026-06-11,Green,库存健康,常规补货,C,Z,na,100,0
SKU_0007,伊伐布雷定片,independent,12,11,12.4,Classic-normal,12.4,0,2026-06-18,Green,库存健康,常规补货,C,Z,na,95,0
SKU_0008,波生坦片,chain,13,5,9.9,Croston-proxy,15.5,2,2026-06-11,Green,库存健康,常规补货,C,Z,na,35,0
SKU_0008,波生坦片,hospital,10,10,18.6,Classic-normal,44.6,34,2026-06-11,Green,库存健康,常规补货,C,Z,na,52,0
SKU_0008,波生坦片,independent,11,18,5.9,Croston-proxy,10.6,0,2026-06-18,Green,库存健康,常规补货,C,Z,na,62,0
SKU_0009,地高辛片,chain,16,17,17.8,Croston-proxy,41.1,25,2026-06-11,Green,库存健康,常规补货,C,Z,na,168,0
SKU_0009,地高辛片,hospital,104,29,32.6,Croston-proxy,63.3,0,2026-06-11,Yellow,库存超过目标水位150%,库存积压,C,Z,na,88,0
SKU_0009,地高辛片,independent,0,0,12.9,Classic-normal,39.9,39,2026-06-18,Red,可售天数不足5天,库存告急,C,Z,na,72,0
SKU_0010,胺碘酮片,chain,12,19,21.0,Croston-proxy,41.0,29,2026-06-11,Green,库存健康,常规补货,C,Z,na,52,0
SKU_0010,胺碘酮片,hospital,7,7,37.9,Croston-proxy,63.3,56,2026-06-11,Green,库存健康,常规补货,C,Z,na,125,0
SKU_0010,胺碘酮片,independent,2,7,15.8,Croston-proxy,36.0,33,2026-06-18,Green,库存健康,常规补货,C,Z,na,112,0
SKU_0011,利多卡因注射液,chain,38,14,32.7,Croston-proxy,52.9,14,2026-06-11,Green,库存健康,常规补货,C,Z,na,78,0
SKU_0011,利多卡因注射液,hospital,17,25,62.9,Croston-proxy,91.6,74,2026-06-11,Green,库存健康,常规补货,C,Z,na,73,0
SKU_0011,利多卡因注射液,independent,15,17,21.1,Croston-proxy,49.5,34,2026-06-18,Green,库存健康,常规补货,C,Z,na,60,0
SKU_0012,米力农注射液,chain,1,4,7.4,Classic-normal,7.4,6,2026-06-11,Red,可售天数不足5天,库存告急,C,Z,na,43,0
SKU_0012,米力农注射液,hospital,1,4,14.0,Croston-proxy,23.8,22,2026-06-11,Red,可售天数不足5天,库存告急,C,Z,na,30,0
SKU_0012,米力农注射液,independent,1,10,3.3,Croston-proxy,7.0,6,2026-06-18,Green,库存健康,常规补货,C,Z,na,83,0
SKU_0013,西地兰注射液,chain,2,4,12.9,Croston-proxy,25.3,23,2026-06-11,Red,可售天数不足5天,库存告急,C,Z,na,42,0
SKU_0013,西地兰注射液,hospital,19,22,23.3,Croston-proxy,39.5,20,2026-06-11,Green,库存健康,常规补货,C,Z,na,48,0
SKU_0013,西地兰注射液,independent,7,32,8.9,Croston-proxy,19.2,12,2026-06-18,Green,库存健康,常规补货,C,Z,na,92,0
SKU_0014,酚妥拉明注射液,chain,6,12,12.1,Classic-normal,20.1,14,2026-06-11,Green,库存健康,常规补货,C,Z,na,89,0
SKU_0014,酚妥拉明注射液,hospital,37,26,23.8,Classic-normal,23.8,0,2026-06-11,Yellow,库存超过目标水位150%,库存积压,C,Z,na,55,0
SKU_0014,酚妥拉明注射液,independent,10,20,7.4,Croston-proxy,14.9,4,2026-06-18,Green,库存健康,常规补货,C,Z,na,92,0
SKU_0015,阿托伐他汀钙片,chain,200,12,49.5,Classic-normal,265.5,65,2026-06-11,Green,库存健康,VBP中选品种需保障供应,A,X,selected,112,0
SKU_0015,阿托伐他汀钙片,hospital,1065,23,62.9,Classic-normal,642.9,0,2026-06-11,Yellow,库存超过目标水位150%,VBP中选品种需保障供应；库存积压,A,X,selected,80,0
SKU_0015,阿托伐他汀钙片,independent,424,41,39.6,Classic-normal,192.6,0,2026-06-18,Yellow,库存超过目标水位150%,VBP中选品种需保障供应；库存积压,A,X,selected,97,0
SKU_0016,瑞舒伐他汀钙片,chain,162,8,46.2,Classic-normal,316.2,154,2026-06-11,Green,库存健康,常规补货,A,X,non_selected,73,0
SKU_0016,瑞舒伐他汀钙片,hospital,137,24,58.7,Classic-normal,58.7,0,2026-06-11,Yellow,库存超过目标水位150%,库存积压,A,X,non_selected,88,0
SKU_0016,瑞舒伐他汀钙片,independent,317,36,37.1,Classic-normal,268.1,0,2026-06-18,Green,库存健康,常规补货,A,X,non_selected,95,0
SKU_0017,阿莫西林胶囊,chain,326,18,69.3,Classic-normal,353.3,27,2026-06-11,Green,库存健康,常规补货,A,X,na,101,0
SKU_0017,阿莫西林胶囊,hospital,175,5,93.2,Classic-normal,501.2,326,2026-06-11,Green,库存健康,常规补货,A,X,na,134,0
SKU_0017,阿莫西林胶囊,independent,88,8,52.0,Classic-normal,337.0,248,2026-06-18,Green,库存健康,常规补货,A,X,na,80,0
SKU_0018,头孢克洛胶囊,chain,287,12,58.1,Classic-normal,262.1,0,2026-06-11,Green,库存健康,常规补货,A,X,na,93,0
SKU_0018,头孢克洛胶囊,hospital,661,27,82.0,Classic-normal,432.0,0,2026-06-11,Yellow,库存超过目标水位150%,库存积压,A,X,na,119,0
SKU_0018,头孢克洛胶囊,independent,212,23,43.6,Classic-normal,214.6,2,2026-06-18,Green,库存健康,常规补货,A,X,na,68,0
SKU_0019,阿奇霉素片,chain,210,10,60.1,Classic-normal,306.1,96,2026-06-11,Green,库存健康,常规补货,A,X,na,137,0
SKU_0019,阿奇霉素片,hospital,309,12,75.5,Classic-normal,465.5,156,2026-06-11,Green,库存健康,常规补货,A,X,na,128,0
SKU_0019,阿奇霉素片,independent,398,42,45.0,Classic-normal,417.0,19,2026-06-18,Green,库存健康,常规补货,A,X,na,63,0
SKU_0020,奥司他韦胶囊,chain,354,21,0.1,PI-width,159.7,0,2026-06-11,Yellow,库存超过目标水位150%,库存积压,A,Y,na,57,0
SKU_0020,奥司他韦胶囊,hospital,291,25,0.1,PI-width,147.2,0,2026-06-11,Yellow,库存超过目标水位150%,库存积压,A,Y,na,126,0
SKU_0020,奥司他韦胶囊,independent,412,41,0.1,PI-width,130.6,0,2026-06-18,Yellow,库存超过目标水位150%,库存积压,A,Y,na,90,0
SKU_0021,扎那米韦吸入粉雾剂,chain,149,25,24.8,Classic-normal,70.8,0,2026-06-11,Yellow,库存超过目标水位150%,库存积压,B,Y,na,36,0
SKU_0021,扎那米韦吸入粉雾剂,hospital,52,13,17.5,Classic-normal,45.5,0,2026-06-11,Green,库存健康,常规补货,B,Y,na,89,0
SKU_0021,扎那米韦吸入粉雾剂,independent,45,16,13.2,Croston-proxy,30.0,0,2026-06-18,Green,库存健康,常规补货,B,Y,na,68,0
SKU_0022,玛巴洛沙韦片,chain,206,25,31.8,Classic-normal,103.8,0,2026-06-11,Yellow,库存超过目标水位150%,库存积压,B,Y,na,39,0
SKU_0022,玛巴洛沙韦片,hospital,25,5,21.0,Classic-normal,77.0,51,2026-06-11,Green,库存健康,常规补货,B,Y,na,62,0
SKU_0022,玛巴洛沙韦片,independent,88,23,18.6,Classic-normal,84.6,0,2026-06-18,Green,库存健康,常规补货,B,Y,na,82,0
SKU_0023,帕拉米韦氯化钠注射液,chain,36,7,19.8,Classic-normal,47.8,11,2026-06-11,Green,库存健康,常规补货,B,Z,na,74,0
SKU_0023,帕拉米韦氯化钠注射液,hospital,138,28,35.0,Classic-normal,93.0,0,2026-06-11,Green,库存健康,常规补货,B,Z,na,75,0
SKU_0023,帕拉米韦氯化钠注射液,independent,62,27,9.1,Croston-proxy,21.5,0,2026-06-18,Yellow,库存超过目标水位150%,库存积压,B,Z,na,49,0
SKU_0024,利奈唑胺片,chain,7,14,18.8,Croston-proxy,30.8,23,2026-06-11,Green,库存健康,常规补货,C,Z,na,47,0
SKU_0024,利奈唑胺片,hospital,77,29,31.5,Croston-proxy,53.1,0,2026-06-11,Green,库存健康,常规补货,C,Z,na,119,0
SKU_0024,利奈唑胺片,independent,7,24,11.5,Classic-normal,11.5,4,2026-06-18,Green,库存健康,常规补货,C,Z,na,114,0
SKU_0025,伏立康唑片,chain,5,11,13.9,Classic-normal,13.9,8,2026-06-11,Green,库存健康,常规补货,C,Z,na,94,0
SKU_0025,伏立康唑片,hospital,40,20,23.8,Croston-proxy,40.6,0,2026-06-11,Green,库存健康,常规补货,C,Z,na,63,0
SKU_0025,伏立康唑片,independent,5,8,7.4,Croston-proxy,14.7,9,2026-06-18,Green,库存健康,常规补货,C,Z,na,78,0
SKU_0026,卡泊芬净注射液,chain,14,26,7.9,Classic-normal,19.9,5,2026-06-11,Green,库存健康,常规补货,C,Z,na,80,0
SKU_0026,卡泊芬净注射液,hospital,11,8,14.0,Classic-normal,26.0,14,2026-06-11,Green,库存健康,常规补货,C,Z,na,64,0
SKU_0026,卡泊芬净注射液,independent,14,43,5.6,Classic-normal,8.6,0,2026-06-18,Yellow,库存超过目标水位150%,库存积压,C,Z,na,80,0
SKU_0027,两性霉素B脂质体,chain,6,21,7.4,Classic-normal,13.4,7,2026-06-11,Green,库存健康,常规补货,C,Z,na,34,0
SKU_0027,两性霉素B脂质体,hospital,6,9,11.2,Classic-normal,17.2,11,2026-06-11,Green,库存健康,常规补货,C,Z,na,36,0
SKU_0027,两性霉素B脂质体,independent,3,21,3.3,Croston-proxy,5.4,2,2026-06-18,Green,库存健康,常规补货,C,Z,na,41,0
SKU_0028,替加环素注射液,chain,6,18,10.7,Croston-proxy,22.3,16,2026-06-11,Green,库存健康,常规补货,C,Z,na,60,0
SKU_0028,替加环素注射液,hospital,10,7,20.5,Croston-proxy,30.8,20,2026-06-11,Green,库存健康,常规补货,C,Z,na,40,0
SKU_0028,替加环素注射液,independent,2,14,5.9,Croston-proxy,13.4,11,2026-06-18,Green,库存健康,常规补货,C,Z,na,84,0
SKU_0029,多黏菌素B注射液,chain,2,5,7.9,Croston-proxy,14.4,12,2026-06-11,Green,库存健康,常规补货,C,Z,na,43,0
SKU_0029,多黏菌素B注射液,hospital,11,20,15.1,Croston-proxy,23.6,12,2026-06-11,Green,库存健康,常规补货,C,Z,na,72,0
SKU_0029,多黏菌素B注射液,independent,0,0,3.5,Croston-proxy,6.4,6,2026-06-18,Red,可售天数不足5天,库存告急,C,Z,na,61,0
SKU_0030,磷霉素氨丁三醇散,chain,4,18,22.3,Croston-proxy,41.5,37,2026-06-11,Green,库存健康,常规补货,C,Z,na,127,0
SKU_0030,磷霉素氨丁三醇散,hospital,13,21,35.9,Croston-proxy,59.4,46,2026-06-11,Green,库存健康,常规补货,C,Z,na,106,0
SKU_0030,磷霉素氨丁三醇散,independent,36,42,15.0,Classic-normal,27.0,0,2026-06-18,Green,库存健康,常规补货,C,Z,na,131,0
SKU_0031,头孢呋辛酯片,chain,161,13,49.5,Classic-normal,247.5,86,2026-06-11,Green,库存健康,VBP中选品种需保障供应,A,X,selected,133,0
SKU_0031,头孢呋辛酯片,hospital,1010,28,65.2,Classic-normal,405.2,0,2026-06-11,Yellow,库存超过目标水位150%,VBP中选品种需保障供应；库存积压,A,X,selected,56,0
SKU_0031,头孢呋辛酯片,independent,129,17,37.1,Classic-normal,193.1,64,2026-06-18,Green,库存健康,VBP中选品种需保障供应,A,X,selected,78,0
SKU_0032,左氧氟沙星片,chain,369,25,50.8,Classic-normal,124.8,0,2026-06-11,Yellow,库存超过目标水位150%,VBP中选品种需保障供应；库存积压,A,X,selected,89,0
SKU_0032,左氧氟沙星片,hospital,682,18,67.1,Classic-normal,609.1,0,2026-06-11,Green,库存健康,VBP中选品种需保障供应,A,X,selected,120,0
SKU_0032,左氧氟沙星片,independent,50,10,38.1,Classic-normal,95.1,45,2026-06-18,Green,库存健康,VBP中选品种需保障供应,A,X,selected,54,0
SKU_0033,二甲双胍片,chain,857,27,0.2,PI-width,322.1,0,2026-06-11,Yellow,库存超过目标水位150%,VBP中选品种需保障供应；库存积压,A,X,selected,107,0
SKU_0033,二甲双胍片,hospital,542,13,0.1,PI-width,445.4,0,2026-06-11,Green,库存健康,VBP中选品种需保障供应,A,X,selected,146,0
SKU_0033,二甲双胍片,independent,532,34,0.1,PI-width,260.5,0,2026-06-18,Yellow,库存超过目标水位150%,VBP中选品种需保障供应；库存积压,A,X,selected,72,0
SKU_0034,格列美脲片,chain,372,27,35.1,Classic-normal,247.1,0,2026-06-11,Yellow,库存超过目标水位150%,库存积压,A,X,na,66,0
SKU_0034,格列美脲片,hospital,395,21,41.9,Classic-normal,295.9,0,2026-06-11,Green,库存健康,常规补货,A,X,na,136,0
SKU_0034,格列美脲片,independent,80,13,26.3,Classic-normal,170.3,90,2026-06-18,Green,库存健康,常规补货,A,X,na,54,0
SKU_0035,阿卡波糖片,chain,296,20,39.6,Classic-normal,233.6,0,2026-06-11,Green,库存健康,VBP中选品种需保障供应,A,X,selected,144,0
SKU_0035,阿卡波糖片,hospital,151,7,45.7,Classic-normal,353.7,202,2026-06-11,Green,库存健康,VBP中选品种需保障供应,A,X,selected,78,0
SKU_0035,阿卡波糖片,independent,57,7,29.7,Classic-normal,134.7,77,2026-06-18,Green,库存健康,VBP中选品种需保障供应,A,X,selected,128,0
SKU_0036,格列齐特缓释片,chain,190,18,30.0,Classic-normal,178.0,0,2026-06-11,Green,库存健康,常规补货,A,X,na,75,0
SKU_0036,格列齐特缓释片,hospital,341,21,37.3,Classic-normal,215.3,0,2026-06-11,Yellow,库存超过目标水位150%,库存积压,A,X,na,122,0
SKU_0036,格列齐特缓释片,independent,225,34,23.1,Classic-normal,119.1,0,2026-06-18,Yellow,库存超过目标水位150%,库存积压,A,X,na,121,0
SKU_0037,门冬胰岛素注射液,chain,482,13,115.5,Classic-normal,533.5,51,2026-06-11,Green,库存健康,常规补货,A,Y,na,46,0
SKU_0037,门冬胰岛素注射液,hospital,1020,21,174.8,Classic-normal,802.8,0,2026-06-11,Green,库存健康,常规补货,A,Y,na,39,0
SKU_0037,门冬胰岛素注射液,independent,472,32,82.5,Classic-normal,328.5,0,2026-06-18,Green,库存健康,常规补货,A,Y,na,58,0
SKU_0038,达格列净片,chain,52,7,38.1,Croston-proxy,61.3,9,2026-06-11,Green,库存健康,常规补货,B,Y,na,107,0
SKU_0038,达格列净片,hospital,35,11,55.9,Croston-proxy,101.8,66,2026-06-11,Green,库存健康,常规补货,B,Y,na,120,0
SKU_0038,达格列净片,independent,114,44,27.7,Croston-proxy,86.9,0,2026-06-18,Green,库存健康,常规补货,B,Y,na,105,0
SKU_0039,西格列汀片,chain,0,0,33.3,Croston-proxy,62.4,62,2026-06-11,Red,可售天数不足5天,库存告急,B,Y,na,81,0
SKU_0039,西格列汀片,hospital,132,24,48.9,Croston-proxy,84.7,0,2026-06-11,Yellow,库存超过目标水位150%,库存积压,B,Y,na,94,0
SKU_0039,西格列汀片,independent,22,29,23.6,Croston-proxy,73.0,50,2026-06-18,Green,库存健康,常规补货,B,Y,na,95,0
SKU_0040,利拉鲁肽注射液,chain,37,9,25.4,Croston-proxy,63.8,26,2026-06-11,Green,库存健康,常规补货,B,Y,na,48,0
SKU_0040,利拉鲁肽注射液,hospital,46,12,37.3,Croston-proxy,77.3,31,2026-06-11,Green,库存健康,常规补货,B,Y,na,95,0
SKU_0040,利拉鲁肽注射液,independent,39,31,18.0,Croston-proxy,50.8,11,2026-06-18,Green,库存健康,常规补货,B,Y,na,85,0
SKU_0041,度拉糖肽注射液,chain,44,28,19.3,Croston-proxy,43.6,0,2026-06-11,Green,库存健康,常规补货,C,Y,na,32,0
SKU_0041,度拉糖肽注射液,hospital,24,28,29.1,Croston-proxy,60.9,36,2026-06-11,Green,库存健康,常规补货,C,Y,na,72,0
SKU_0041,度拉糖肽注射液,independent,5,7,13.4,Croston-proxy,33.0,27,2026-06-18,Green,库存健康,常规补货,C,Y,na,34,0
SKU_0042,沙格列汀片,chain,23,15,24.8,Croston-proxy,57.7,34,2026-06-11,Green,库存健康,常规补货,B,Y,na,47,0
SKU_0042,沙格列汀片,hospital,91,29,36.7,Croston-proxy,69.5,0,2026-06-11,Green,库存健康,常规补货,B,Y,na,59,0
SKU_0042,沙格列汀片,independent,28,18,16.2,Croston-proxy,38.3,10,2026-06-18,Green,库存健康,常规补货,B,Y,na,106,0
SKU_0043,瑞格列奈片,chain,55,26,27.5,Croston-proxy,57.2,2,2026-06-11,Green,库存健康,常规补货,B,Y,na,113,0
SKU_0043,瑞格列奈片,hospital,29,9,39.8,Croston-proxy,67.6,38,2026-06-11,Green,库存健康,常规补货,B,Y,na,88,0
SKU_0043,瑞格列奈片,independent,41,42,19.0,Croston-proxy,52.9,11,2026-06-18,Green,库存健康,常规补货,B,Y,na,74,0
SKU_0044,吡格列酮片,chain,27,18,28.2,Croston-proxy,55.8,28,2026-06-11,Green,库存健康,常规补货,B,Y,na,135,0
SKU_0044,吡格列酮片,hospital,0,0,41.0,Croston-proxy,75.2,75,2026-06-11,Red,可售天数不足5天,库存告急,B,Y,na,45,0
SKU_0044,吡格列酮片,independent,26,12,20.4,Croston-proxy,44.6,18,2026-06-18,Green,库存健康,常规补货,B,Y,na,92,0
SKU_0045,米格列醇片,chain,25,26,16.6,Croston-proxy,38.0,13,2026-06-11,Green,库存健康,常规补货,C,Y,na,70,0
SKU_0045,米格列醇片,hospital,50,22,25.6,Croston-proxy,47.9,0,2026-06-11,Green,库存健康,常规补货,C,Y,na,74,0
SKU_0045,米格列醇片,independent,12,19,11.5,Classic-normal,38.6,26,2026-06-18,Green,库存健康,常规补货,C,Y,na,115,0
SKU_0046,恩格列净片,chain,223,25,42.9,Classic-normal,278.9,55,2026-06-11,Green,库存健康,VBP中选品种需保障供应,A,Y,selected,63,0
SKU_0046,恩格列净片,hospital,464,26,58.7,Classic-normal,314.7,0,2026-06-11,Green,库存健康,VBP中选品种需保障供应,A,Y,selected,52,0
SKU_0046,恩格列净片,independent,28,26,30.6,Classic-normal,114.6,86,2026-06-18,Green,库存健康,VBP中选品种需保障供应,A,Y,selected,94,0
SKU_0047,卡格列净片,chain,358,25,34.6,Classic-normal,174.6,0,2026-06-11,Yellow,库存超过目标水位150%,库存积压,B,Y,non_selected,79,0
SKU_0047,卡格列净片,hospital,64,22,48.9,Classic-normal,132.9,68,2026-06-11,Green,库存健康,常规补货,B,Y,non_selected,64,0
SKU_0047,卡格列净片,independent,228,41,24.8,Classic-normal,201.8,0,2026-06-18,Green,库存健康,常规补货,B,Y,non_selected,110,0
SKU_0048,氨茶碱片,chain,102,14,29.0,Classic-normal,117.0,15,2026-06-11,Green,库存健康,常规补货,A,X,na,135,0
SKU_0048,氨茶碱片,hospital,237,19,41.0,Classic-normal,169.0,0,2026-06-11,Green,库存健康,常规补货,A,X,na,141,0
SKU_0048,氨茶碱片,independent,119,25,22.2,Classic-normal,166.2,47,2026-06-18,Green,库存健康,常规补货,A,X,na,90,0
SKU_0049,茶碱缓释片,chain,74,12,24.3,Classic-normal,116.3,42,2026-06-11,Green,库存健康,常规补货,B,Y,na,85,0
SKU_0049,茶碱缓释片,hospital,55,5,33.6,Classic-normal,141.6,86,2026-06-11,Green,库存健康,常规补货,B,Y,na,141,0
SKU_0049,茶碱缓释片,independent,147,38,17.3,Classic-normal,89.3,0,2026-06-18,Yellow,库存超过目标水位150%,库存积压,B,Y,na,108,0
SKU_0050,沙丁胺醇吸入气雾剂,chain,130,8,79.2,Classic-normal,427.2,297,2026-06-11,Green,库存健康,常规补货,A,Y,na,61,0
SKU_0050,沙丁胺醇吸入气雾剂,hospital,518,24,104.8,Classic-normal,406.8,0,2026-06-11,Green,库存健康,常规补货,A,Y,na,82,0
SKU_0050,沙丁胺醇吸入气雾剂,independent,354,31,57.4,Classic-normal,282.4,0,2026-06-18,Green,库存健康,常规补货,A,Y,na,91,0
SKU_0051,布地奈德吸入粉雾剂,chain,104,6,62.7,Classic-normal,282.7,178,2026-06-11,Green,库存健康,常规补货,A,Y,na,61,0
SKU_0051,布地奈德吸入粉雾剂,hospital,352,18,78.3,Classic-normal,306.3,0,2026-06-11,Green,库存健康,常规补货,A,Y,na,54,0
SKU_0051,布地奈德吸入粉雾剂,independent,293,34,45.4,Classic-normal,165.4,0,2026-06-18,Yellow,库存超过目标水位150%,库存积压,A,Y,na,31,0
SKU_0052,孟鲁司特钠片,chain,239,18,55.4,Classic-normal,257.4,18,2026-06-11,Green,库存健康,常规补货,A,Y,na,112,0
SKU_0052,孟鲁司特钠片,hospital,343,25,74.6,Classic-normal,262.6,0,2026-06-11,Green,库存健康,常规补货,A,Y,na,117,0
SKU_0052,孟鲁司特钠片,independent,153,24,39.6,Classic-normal,189.6,36,2026-06-18,Green,库存健康,常规补货,A,Y,na,137,0
SKU_0053,特布他林片,chain,46,5,40.8,Classic-normal,174.8,128,2026-06-11,Green,库存健康,常规补货,A,Y,na,47,0
SKU_0053,特布他林片,hospital,274,26,57.1,Classic-normal,143.1,0,2026-06-11,Yellow,库存超过目标水位150%,库存积压,A,Y,na,74,0
SKU_0053,特布他林片,independent,90,22,30.0,Classic-normal,129.0,39,2026-06-18,Green,库存健康,常规补货,A,Y,na,127,0
SKU_0054,噻托溴铵粉吸入剂,chain,21,8,31.8,Croston-proxy,59.3,38,2026-06-11,Green,库存健康,常规补货,B,Y,na,80,0
SKU_0054,噻托溴铵粉吸入剂,hospital,59,18,41.9,Croston-proxy,75.5,16,2026-06-11,Green,库存健康,常规补货,B,Y,na,48,0
SKU_0054,噻托溴铵粉吸入剂,independent,11,30,23.2,Croston-proxy,69.0,57,2026-06-18,Green,库存健康,常规补货,B,Y,na,78,0
SKU_0055,乙酰半胱氨酸泡腾片,chain,53,29,36.0,Croston-proxy,67.7,14,2026-06-11,Green,库存健康,常规补货,B,Y,na,70,0
SKU_0055,乙酰半胱氨酸泡腾片,hospital,0,0,48.7,Croston-proxy,89.1,89,2026-06-11,Red,可售天数不足5天,库存告急,B,Y,na,83,0
SKU_0055,乙酰半胱氨酸泡腾片,independent,72,23,24.9,Croston-proxy,65.2,0,2026-06-18,Green,库存健康,常规补货,B,Y,na,120,0
SKU_0056,羧甲司坦口服液,chain,73,13,39.6,Croston-proxy,73.9,0,2026-06-11,Green,库存健康,常规补货,B,Y,na,68,0
SKU_0056,羧甲司坦口服液,hospital,24,5,53.0,Croston-proxy,85.7,61,2026-06-11,Green,库存健康,常规补货,B,Y,na,133,0
SKU_0056,羧甲司坦口服液,independent,15,9,28.0,Croston-proxy,62.8,47,2026-06-18,Green,库存健康,常规补货,B,Y,na,140,0
SKU_0057,异丙托溴铵气雾剂,chain,0,0,28.6,Croston-proxy,59.4,59,2026-06-11,Red,可售天数不足5天,库存告急,B,Y,na,49,0
SKU_0057,异丙托溴铵气雾剂,hospital,73,16,39.1,Croston-proxy,74.9,1,2026-06-11,Green,库存健康,常规补货,B,Y,na,90,0
SKU_0057,异丙托溴铵气雾剂,independent,14,24,20.3,Croston-proxy,48.7,34,2026-06-18,Green,库存健康,常规补货,B,Y,na,65,0
SKU_0058,福莫特罗吸入粉雾剂,chain,10,9,23.1,Croston-proxy,45.0,34,2026-06-11,Green,库存健康,常规补货,C,Y,na,67,0
SKU_0058,福莫特罗吸入粉雾剂,hospital,47,14,32.0,Croston-proxy,63.9,16,2026-06-11,Green,库存健康,常规补货,C,Y,na,55,0
SKU_0058,福莫特罗吸入粉雾剂,independent,29,31,15.7,Croston-proxy,29.6,0,2026-06-18,Green,库存健康,常规补货,C,Y,na,93,0
SKU_0059,沙美特罗替卡松吸入剂,chain,39,14,26.8,Croston-proxy,54.1,15,2026-06-11,Green,库存健康,常规补货,B,Y,na,54,0
SKU_0059,沙美特罗替卡松吸入剂,hospital,15,17,35.0,Croston-proxy,62.5,47,2026-06-11,Green,库存健康,常规补货,B,Y,na,39,0
SKU_0059,沙美特罗替卡松吸入剂,independent,15,32,17.8,Croston-proxy,43.6,28,2026-06-18,Green,库存健康,常规补货,B,Y,na,86,0
SKU_0060,氮卓斯汀鼻喷剂,chain,13,6,29.0,Croston-proxy,77.7,64,2026-06-11,Green,库存健康,常规补货,B,Y,na,53,0
SKU_0060,氮卓斯汀鼻喷剂,hospital,16,5,39.1,Croston-proxy,73.3,57,2026-06-11,Green,库存健康,常规补货,B,Y,na,57,0
SKU_0060,氮卓斯汀鼻喷剂,independent,50,42,20.6,Croston-proxy,49.4,0,2026-06-18,Green,库存健康,常规补货,B,Y,na,58,0
SKU_0061,糠酸莫米松鼻喷雾剂,chain,0,0,33.0,Croston-proxy,62.7,62,2026-06-11,Red,可售天数不足5天,库存告急,B,Y,na,53,0
SKU_0061,糠酸莫米松鼻喷雾剂,hospital,61,16,44.3,Croston-proxy,73.1,12,2026-06-11,Green,库存健康,常规补货,B,Y,na,60,0
SKU_0061,糠酸莫米松鼻喷雾剂,independent,117,43,23.8,Croston-proxy,53.8,0,2026-06-18,Yellow,库存超过目标水位150%,库存积压,B,Y,na,71,0
SKU_0062,吸入用异丙托溴铵溶液,chain,152,29,28.7,Classic-normal,68.7,0,2026-06-11,Yellow,库存超过目标水位150%,VBP中选品种需保障供应；库存积压,B,Y,selected,36,0
SKU_0062,吸入用异丙托溴铵溶液,hospital,66,9,41.9,Classic-normal,159.9,93,2026-06-11,Green,库存健康,VBP中选品种需保障供应,B,Y,selected,92,0
SKU_0062,吸入用异丙托溴铵溶液,independent,7,10,20.3,Classic-normal,107.3,100,2026-06-18,Green,库存健康,VBP中选品种需保障供应,B,Y,selected,95,0
SKU_0063,丙戊酸钠片,chain,61,7,30.0,Classic-normal,144.0,83,2026-06-11,Green,库存健康,常规补货,A,X,na,76,0
SKU_0063,丙戊酸钠片,hospital,84,6,37.7,Classic-normal,269.7,185,2026-06-11,Green,库存健康,常规补货,A,X,na,112,0
SKU_0063,丙戊酸钠片,independent,211,39,22.2,Classic-normal,40.2,0,2026-06-18,Yellow,库存超过目标水位150%,库存积压,A,X,na,142,0
SKU_0064,卡马西平片,chain,159,25,24.8,Classic-normal,142.8,0,2026-06-11,Green,库存健康,常规补货,A,X,na,116,0
SKU_0064,卡马西平片,hospital,84,7,32.6,Classic-normal,168.6,84,2026-06-11,Green,库存健康,常规补货,A,X,na,74,0
SKU_0064,卡马西平片,independent,102,31,18.6,Classic-normal,102.6,0,2026-06-18,Green,库存健康,常规补货,A,X,na,56,0
SKU_0065,左乙拉西坦片,chain,170,23,25.7,Classic-normal,147.7,0,2026-06-11,Green,库存健康,常规补货,A,X,na,64,0
SKU_0065,左乙拉西坦片,hospital,147,12,31.7,Classic-normal,213.7,66,2026-06-11,Green,库存健康,常规补货,A,X,na,127,0
SKU_0065,左乙拉西坦片,independent,206,35,19.8,Classic-normal,73.8,0,2026-06-18,Yellow,库存超过目标水位150%,库存积压,A,X,na,63,0
SKU_0066,帕罗西汀片,chain,190,29,27.7,Classic-normal,133.7,0,2026-06-11,Green,库存健康,常规补货,B,Y,na,103,0
SKU_0066,帕罗西汀片,hospital,125,14,38.4,Classic-normal,162.4,37,2026-06-11,Green,库存健康,常规补货,B,Y,na,66,0
SKU_0066,帕罗西汀片,independent,54,20,19.8,Classic-normal,70.8,16,2026-06-18,Green,库存健康,常规补货,B,Y,na,51,0
SKU_0067,拉莫三嗪片,chain,20,25,24.8,Croston-proxy,51.2,31,2026-06-11,Green,库存健康,常规补货,B,Y,na,101,0
SKU_0067,拉莫三嗪片,hospital,65,23,36.7,Croston-proxy,63.8,0,2026-06-11,Green,库存健康,常规补货,B,Y,na,68,0
SKU_0067,拉莫三嗪片,independent,17,11,16.8,Croston-proxy,46.3,29,2026-06-18,Green,库存健康,常规补货,B,Y,na,54,0
SKU_0068,加巴喷丁胶囊,chain,44,17,25.4,Croston-proxy,48.5,4,2026-06-11,Green,库存健康,常规补货,B,Y,na,61,0
SKU_0068,加巴喷丁胶囊,hospital,53,12,39.1,Croston-proxy,69.6,16,2026-06-11,Green,库存健康,常规补货,B,Y,na,54,0
SKU_0068,加巴喷丁胶囊,independent,36,21,18.0,Croston-proxy,45.0,8,2026-06-18,Green,库存健康,常规补货,B,Y,na,143,0
SKU_0069,普瑞巴林胶囊,chain,56,27,30.0,Croston-proxy,70.2,14,2026-06-11,Green,库存健康,常规补货,B,Y,na,135,0
SKU_0069,普瑞巴林胶囊,hospital,80,13,44.3,Croston-proxy,83.0,3,2026-06-11,Green,库存健康,常规补货,B,Y,na,49,0
SKU_0069,普瑞巴林胶囊,independent,97,43,21.4,Croston-proxy,54.7,0,2026-06-18,Yellow,库存超过目标水位150%,库存积压,B,Y,na,87,0
SKU_0070,托吡酯片,chain,66,20,22.5,Croston-proxy,45.8,0,2026-06-11,Green,库存健康,常规补货,C,Y,na,99,0
SKU_0070,托吡酯片,hospital,0,0,33.6,Croston-proxy,58.7,58,2026-06-11,Red,可售天数不足5天,库存告急,C,Y,na,111,0
SKU_0070,托吡酯片,independent,55,32,16.0,Croston-proxy,47.0,0,2026-06-18,Green,库存健康,常规补货,C,Y,na,69,0
SKU_0071,唑尼沙胺片,chain,35,24,13.5,Croston-proxy,28.3,0,2026-06-11,Green,库存健康,常规补货,C,Z,na,65,0
SKU_0071,唑尼沙胺片,hospital,6,6,22.7,Croston-proxy,42.8,36,2026-06-11,Green,库存健康,常规补货,C,Z,na,95,0
SKU_0071,唑尼沙胺片,independent,0,0,9.5,Classic-normal,18.5,18,2026-06-18,Red,可售天数不足5天,库存告急,C,Z,na,89,0
SKU_0072,拉考沙胺片,chain,23,15,16.6,Croston-proxy,36.5,13,2026-06-11,Green,库存健康,常规补货,C,Y,na,55,0
SKU_0072,拉考沙胺片,hospital,34,13,25.6,Croston-proxy,52.5,18,2026-06-11,Green,库存健康,常规补货,C,Y,na,133,0
SKU_0072,拉考沙胺片,independent,9,12,11.5,Croston-proxy,28.6,19,2026-06-18,Green,库存健康,常规补货,C,Y,na,68,0
SKU_0073,艾司西酞普兰片,chain,19,20,29.0,Croston-proxy,56.9,37,2026-06-11,Green,库存健康,常规补货,B,Y,na,134,0
SKU_0073,艾司西酞普兰片,hospital,0,0,41.9,Croston-proxy,74.7,74,2026-06-11,Red,可售天数不足5天,库存告急,B,Y,na,74,0
SKU_0073,艾司西酞普兰片,independent,9,9,19.8,Croston-proxy,50.8,41,2026-06-18,Green,库存健康,常规补货,B,Y,na,62,0
SKU_0074,文拉法辛缓释片,chain,51,22,26.8,Croston-proxy,54.5,3,2026-06-11,Green,库存健康,常规补货,C,Y,na,136,0
SKU_0074,文拉法辛缓释片,hospital,8,6,37.2,Croston-proxy,62.9,54,2026-06-11,Green,库存健康,常规补货,C,Y,na,45,0
SKU_0074,文拉法辛缓释片,independent,46,21,18.5,Croston-proxy,51.1,5,2026-06-18,Green,库存健康,常规补货,C,Y,na,107,0
SKU_0075,度洛西汀肠溶片,chain,26,25,25.7,Croston-proxy,62.9,36,2026-06-11,Green,库存健康,常规补货,B,Y,na,49,0
SKU_0075,度洛西汀肠溶片,hospital,129,29,37.2,Croston-proxy,64.2,0,2026-06-11,Yellow,库存超过目标水位150%,库存积压,B,Y,na,69,0
SKU_0075,度洛西汀肠溶片,independent,41,21,17.8,Croston-proxy,54.4,13,2026-06-18,Green,库存健康,常规补货,B,Y,na,136,0
SKU_0076,米氮平片,chain,0,0,22.4,Croston-proxy,42.9,42,2026-06-11,Red,可售天数不足5天,库存告急,C,Y,na,88,0
SKU_0076,米氮平片,hospital,0,0,32.6,Croston-proxy,56.2,56,2026-06-11,Red,可售天数不足5天,库存告急,C,Y,na,53,0
SKU_0076,米氮平片,independent,14,11,15.2,Croston-proxy,35.4,21,2026-06-18,Green,库存健康,常规补货,C,Y,na,95,0
SKU_0077,舍曲林片,chain,24,5,28.2,Classic-normal,142.2,118,2026-06-11,Green,库存健康,VBP中选品种需保障供应,B,Y,selected,97,0
SKU_0077,舍曲林片,hospital,81,6,35.0,Classic-normal,185.0,103,2026-06-11,Green,库存健康,VBP中选品种需保障供应,B,Y,selected,133,0
SKU_0077,舍曲林片,independent,36,11,20.0,Classic-normal,32.0,0,2026-06-18,Green,库存健康,VBP中选品种需保障供应,B,Y,selected,79,0
